Model,Accuracy,Precision,Recall,F1-Score,AUC
RNN,0.9998094149037545,1.0,0.9998030720756204,0.9999015263417036,0.9999015360378102
LSTM,0.9998094149037545,1.0,0.9998030720756204,0.9999015263417036,0.9999015360378102
GRU,0.9997141223556318,1.0,0.9997046081134305,0.9998522822394013,0.9998523040567153
CNN+LSTM+BiLSTM+GRU,1.0,1.0,1.0,1.0,1.0
Random Forest,1.0,1.0,1.0,1.0,1.0
XGBoost,1.0,1.0,1.0,1.0,1.0
LightGBM,1.0,1.0,1.0,1.0,1.0
Logistic Regression,0.9999047074518773,1.0,0.9999015360378102,0.9999507655949978,1.0
